sale_date,branch_code,order_id,line_no,product_code,category,quantity,unit_price,status
2026-09-14,SEOUL-01,ORD-1000,1,COFFEE-250,Grocery,1,7.50,COMPLETED
2026-09-15,BUSAN-02,ORD-1001,1,TOWEL-002,Home,2,12.00,COMPLETED
2026-09-16,INCHEON-03,ORD-1002,1,NOTEBOOK-A5,Stationery,3,4.25,COMPLETED
2026-09-99,SEOUL-01,ORD-1003,1,COFFEE-250,Grocery,4,7.50,COMPLETED
2026-09-18,BUSAN-02,ORD-1004,1,TOWEL-002,Home,1,12.00,COMPLETED
2026-09-19,INCHEON-03,ORD-1005,1,NOTEBOOK-A5,Stationery,2,4.25,COMPLETED
2026-09-20,SEOUL-01,ORD-1006,1,COFFEE-250,Grocery,3,7.50,COMPLETED
2026-09-14,BUSAN-02,ORD-1007,1,,Home,4,12.00,COMPLETED
2026-09-15,INCHEON-03,ORD-1008,1,NOTEBOOK-A5,Stationery,1,4.25,COMPLETED
2026-09-16,SEOUL-01,ORD-1009,1,COFFEE-250,Grocery,2,7.50,COMPLETED
2026-09-17,BUSAN-02,ORD-1010,1,TOWEL-002,Home,3,12.00,COMPLETED
2026-09-18,INCHEON-03,ORD-1011,1,NOTEBOOK-A5,Stationery,two,4.25,COMPLETED
2026-09-19,SEOUL-01,ORD-1012,1,COFFEE-250,Grocery,1,7.50,COMPLETED
2026-09-20,BUSAN-02,ORD-1013,1,TOWEL-002,Home,2,12.00,COMPLETED
2026-09-14,INCHEON-03,ORD-1014,1,NOTEBOOK-A5,Stationery,3,4.25,COMPLETED
unknown,SEOUL-01,ORD-1015,1,COFFEE-250,Grocery,0,7.50,COMPLETED
2026-09-16,BUSAN-02,ORD-1016,1,TOWEL-002,Home,1,12.00,COMPLETED
2026-09-17,INCHEON-03,ORD-1017,1,NOTEBOOK-A5,Stationery,2,4.25,COMPLETED
2026-09-18,SEOUL-01,ORD-1018,1,COFFEE-250,Grocery,3,7.50,COMPLETED
2026-09-19,BUSAN-02,ORD-1019,1,TOWEL-002,Home,4,12.00,COMPLETED
2026-09-20,INCHEON-03,ORD-1020,1,NOTEBOOK-A5,Stationery,1,4.25,COMPLETED
2026-09-14,SEOUL-01,ORD-1021,1,COFFEE-250,Grocery,2,7.50,COMPLETED
2026-09-15,BUSAN-02,ORD-1022,1,TOWEL-002,Home,3,12.00,COMPLETED
2026-09-16,INCHEON-03,ORD-1023,1,NOTEBOOK-A5,Stationery,4,4.25,COMPLETED
2026-09-17,SEOUL-01,ORD-1024,1,COFFEE-250,Grocery,1,7.50,COMPLETED
2026-09-18,BUSAN-02,ORD-1025,1,TOWEL-002,Home,2,12.00,COMPLETED
2026-09-19,INCHEON-03,ORD-1026,1,NOTEBOOK-A5,Stationery,3,4.25,COMPLETED
2026-09-20,SEOUL-01,ORD-1027,1,COFFEE-250,Grocery,4,7.50,COMPLETED
2026-09-14,BUSAN-02,ORD-1028,1,TOWEL-002,Home,1,12.00,COMPLETED
2026-09-15,INCHEON-03,ORD-1029,1,NOTEBOOK-A5,Stationery,2,4.25,COMPLETED
