sale_date,branch_code,order_id,line_no,product_code,category,unit_price,status
2026-09-18,SEOUL-01,ORD-1060,1,COFFEE-250,Grocery,7.50,COMPLETED
2026-09-19,BUSAN-02,ORD-1061,1,TOWEL-002,Home,12.00,COMPLETED
2026-09-20,INCHEON-03,ORD-1062,1,NOTEBOOK-A5,Stationery,4.25,COMPLETED
2026-09-14,SEOUL-01,ORD-1063,1,COFFEE-250,Grocery,7.50,COMPLETED
2026-09-15,BUSAN-02,ORD-1064,1,TOWEL-002,Home,12.00,COMPLETED
2026-09-16,INCHEON-03,ORD-1065,1,NOTEBOOK-A5,Stationery,4.25,COMPLETED
2026-09-17,SEOUL-01,ORD-1066,1,COFFEE-250,Grocery,7.50,COMPLETED
2026-09-18,BUSAN-02,ORD-1067,1,TOWEL-002,Home,12.00,COMPLETED
2026-09-19,INCHEON-03,ORD-1068,1,NOTEBOOK-A5,Stationery,4.25,COMPLETED
2026-09-20,SEOUL-01,ORD-1069,1,COFFEE-250,Grocery,7.50,COMPLETED
2026-09-14,BUSAN-02,ORD-1070,1,TOWEL-002,Home,12.00,COMPLETED
2026-09-15,INCHEON-03,ORD-1071,1,NOTEBOOK-A5,Stationery,4.25,COMPLETED
2026-09-16,SEOUL-01,ORD-1072,1,COFFEE-250,Grocery,7.50,COMPLETED
2026-09-17,BUSAN-02,ORD-1073,1,TOWEL-002,Home,12.00,COMPLETED
2026-09-18,INCHEON-03,ORD-1074,1,NOTEBOOK-A5,Stationery,4.25,COMPLETED
